symbol,year,strategy,total_return,benchmark_return,excess_return,sharpe_ratio,max_drawdown,volatility,win_rate
AAPL,2015,[BENCHMARK] Buy & Hold,-0.1659891510945588,-0.1659891510945588,0.0,0.12705524304052263,-21.844855799772223,26.75697306797297,48.4
AAPL,2015,Simple Moving Average,-8.492498775617808,-0.1659891510945588,-8.326509624523249,-0.5832244448354659,-13.124053618806396,13.728850228311945,39.603960396039604
AAPL,2015,Momentum Strategy,-6.240290222388212,-0.1659891510945588,-6.074301071293653,-0.264087428079911,-18.803406808910808,18.277288314953214,45.45454545454545
AAPL,2015,Bollinger Bands,5.77776080513126,-0.1659891510945588,5.943749956225819,0.39148452891969954,-13.865645954255715,19.14041835476279,50.89285714285714
AAPL,2015,RSI Strategy,5.38050408159203,-0.1659891510945588,5.546493232686589,0.34761029698150536,-21.566758588353764,22.402105175446255,51.92307692307693
AAPL,2015,MACD Strategy,5.1405566261993885,-0.1659891510945588,5.306545777293947,0.3655014650543818,-15.620834024252039,18.46137316746788,52.25225225225225
AAPL,2015,Stochastic Oscillator,1.0561548984833857,-0.1659891510945588,1.2221440495779445,0.146326455625842,-13.865645954255676,16.10727245963653,48.4375
AAPL,2015,VWAP Strategy,1.0179820169061493,-0.1659891510945588,1.1839711680007081,0.1516049194069459,-16.042474812078446,20.305824976370822,45.89041095890411
AAPL,2015,Dollar-Cost Averaging (DCA),-8.539324222613764,-0.1659891510945588,-8.373335071519206,-1.2275096743386187,-10.921587621290024,7.1222172843139235,30.0
AAPL,2016,[BENCHMARK] Buy & Hold,12.384341677017098,12.384341677017098,0.0,0.6180640842615397,-18.920575433107114,23.38493014942636,52.800000000000004
AAPL,2016,Simple Moving Average,-4.114856277773448,12.384341677017098,-16.499197954790546,-0.18156003078129163,-20.36461339864307,16.111065587863795,47.69230769230769
AAPL,2016,Momentum Strategy,29.80806556472928,12.384341677017098,17.423723887712182,2.369694513160844,-3.6886202869879483,11.327447508379487,58.59375
AAPL,2016,Bollinger Bands,24.972137469590947,12.384341677017098,12.58779579257385,2.065843940980878,-5.905411961480263,11.135702356482003,60.86956521739131
AAPL,2016,RSI Strategy,22.941811030523706,12.384341677017098,10.557469353506608,1.4965685427817967,-7.8880106805203285,14.57128673510879,58.490566037735846
AAPL,2016,MACD Strategy,20.135464148712124,12.384341677017098,7.751122471695027,1.3125746556192308,-11.914110220368748,14.876473001523879,54.347826086956516
AAPL,2016,Stochastic Oscillator,3.5644046183206823,12.384341677017098,-8.819937058696414,0.32640877097635046,-15.159126235300826,13.626338606961152,54.54545454545454
AAPL,2016,VWAP Strategy,2.707173559419873,12.384341677017098,-9.677168117597224,0.26319436643635397,-14.230391936961032,13.843131614053277,53.16455696202531
AAPL,2016,Dollar-Cost Averaging (DCA),5.78135860033806,12.384341677017098,-6.602983076679037,1.695025068593844,-1.228049511259425,3.362429193706673,68.42105263157895
AAPL,2017,[BENCHMARK] Buy & Hold,48.04249179767217,48.04249179767217,0.0,2.3309352648482986,-8.859697899756384,17.640617903280354,55.020080321285135
AAPL,2017,Simple Moving Average,2.751660994368521,48.04249179767217,-45.29083080330365,0.26890529244910893,-11.439377704991214,13.620126207174765,48.36601307189542
AAPL,2017,Momentum Strategy,13.846870486276842,48.04249179767217,-34.19562131139533,1.3383439639670573,-6.321368808754843,10.15282719930756,57.692307692307686
AAPL,2017,Bollinger Bands,7.174323298254626,48.04249179767217,-40.86816849941754,1.5073707420774523,-2.4668865037073555,4.706947966053762,63.1578947368421
AAPL,2017,RSI Strategy,28.915122249405623,48.04249179767217,-19.127369548266547,2.3896013535088856,-6.58414455453002,10.966613515856226,60.215053763440864
AAPL,2017,MACD Strategy,45.354290087449954,48.04249179767217,-2.6882017102222164,2.781306569885012,-5.798272649291407,13.907435593789405,61.904761904761905
AAPL,2017,Stochastic Oscillator,6.11752613454557,48.04249179767217,-41.9249656631266,1.8313462995215213,-0.6473322044279807,3.297923471063463,64.70588235294117
AAPL,2017,VWAP Strategy,1.6092282001425318,48.04249179767217,-46.43326359752964,0.27060726306275446,-4.503948051553216,6.795080000334669,53.65853658536586
AAPL,2017,Dollar-Cost Averaging (DCA),-1.0640504328117695,48.04249179767217,-49.10654223048394,-0.23984992252549656,-4.0755524742130795,4.138823150511754,50.0
AAPL,2018,[BENCHMARK] Buy & Hold,-7.944099240273406,-7.944099240273406,0.0,-0.1474727680623186,-36.50953902589941,28.783707832229677,51.00401606425703
AAPL,2018,Simple Moving Average,7.243911698634298,-7.944099240273406,15.188010938907704,0.5034394756968887,-8.544844638967627,16.862141199841425,51.908396946564885
AAPL,2018,Momentum Strategy,-1.4885567300091274,-7.944099240273406,6.455542510264278,-0.0627775001952174,-11.180021698776779,12.196670352282009,49.29577464788733
AAPL,2018,Bollinger Bands,-6.88667695466465,-7.944099240273406,1.057422285608756,-0.18164236940384745,-30.478198371794967,23.9992071977457,48.837209302325576
AAPL,2018,RSI Strategy,-15.138729672404573,-7.944099240273406,-7.1946304321311665,-0.7531966141617443,-24.130621626899494,19.527472253862182,48.421052631578945
AAPL,2018,MACD Strategy,-2.5025361329985896,-7.944099240273406,5.441563107274817,-0.1064572603508074,-19.50674603968514,14.374407016988105,51.28205128205128
AAPL,2018,Stochastic Oscillator,4.457044635285778,-7.944099240273406,12.401143875559185,0.3234799150913911,-24.130621626899483,19.453106951027447,56.25
AAPL,2018,VWAP Strategy,-18.97085820662604,-7.944099240273406,-11.026758966352634,-0.8443901432469566,-33.84710934565552,22.267498120107277,46.808510638297875
AAPL,2018,Dollar-Cost Averaging (DCA),-15.469120585856421,-7.944099240273406,-7.525021345583015,-1.393316532983959,-20.55514480348951,11.7134622035134,35.294117647058826
AAPL,2019,[BENCHMARK] Buy & Hold,87.37336363778626,87.37336363778626,0.0,2.5471542533779705,-17.843021825963824,26.238478649700646,57.99999999999999
AAPL,2019,Simple Moving Average,42.39796564065652,87.37336363778626,-44.97539799712973,1.8656874031481925,-18.61111441503854,20.20351630835024,57.38636363636363
AAPL,2019,Momentum Strategy,14.209486845825792,87.37336363778626,-73.16387679196046,1.12379586623967,-5.5084490869168325,12.625417501300834,54.21686746987952
AAPL,2019,Bollinger Bands,21.685123067217795,87.37336363778626,-65.68824057056847,1.4678300612749124,-9.229008088651245,14.162724122746862,49.382716049382715
AAPL,2019,RSI Strategy,17.11739521639155,87.37336363778626,-70.2559684213947,1.3725261166327232,-9.775460167480972,12.132245065615113,48.888888888888886
AAPL,2019,MACD Strategy,54.856815456091134,87.37336363778626,-32.51654818169512,2.7220345284772076,-7.744063077438983,16.71587734028447,57.615894039735096
AAPL,2019,Stochastic Oscillator,12.304462045527288,87.37336363778626,-75.06890159225897,1.0492858247778578,-9.229008088651243,11.811920239982076,50.0
AAPL,2019,VWAP Strategy,4.62674298625807,87.37336363778626,-82.74662065152819,0.47309076439593967,-12.110735051635839,10.89258418075735,48.0
AAPL,2019,Dollar-Cost Averaging (DCA),10.357363729443115,87.37336363778626,-77.01599990834313,2.0230585274225703,-1.783003133270122,4.97195579175655,73.68421052631578
AAPL,2020,[BENCHMARK] Buy & Hold,79.62347762434258,79.62347762434258,0.0,1.4916464791435047,-31.427261476971985,46.7809035735689,54.400000000000006
AAPL,2020,Simple Moving Average,73.94356758768423,79.62347762434258,-5.679910036658356,2.1798462581000497,-20.375624207983027,27.208866528428494,59.02777777777778
AAPL,2020,Momentum Strategy,8.80390806145892,79.62347762434258,-70.81956956288366,0.4474383878614484,-19.282667266780802,27.2377215417282,45.714285714285715
AAPL,2020,Bollinger Bands,7.773702159633422,79.62347762434258,-71.84977546470917,0.3945499768890475,-25.88690412057436,32.10235556945975,49.056603773584904
AAPL,2020,RSI Strategy,3.6017346252011473,79.62347762434258,-76.02174299914144,0.27909800187667055,-25.88690412057435,36.47988441671253,45.45454545454545
AAPL,2020,MACD Strategy,51.95223170282568,79.62347762434258,-27.671245921516906,1.6589207057738713,-15.008327624889588,27.624842606887373,53.16455696202531
AAPL,2020,Stochastic Oscillator,0.6502589243173817,79.62347762434258,-78.9732187000252,0.20204405799039316,-25.886904120574357,37.02325085895966,46.15384615384615
AAPL,2020,VWAP Strategy,-5.190445096408169,79.62347762434258,-84.81392272075075,0.030173440389859984,-25.886904120574343,35.90981529449866,46.666666666666664
AAPL,2020,Dollar-Cost Averaging (DCA),8.963457454567369,79.62347762434258,-70.66002016977521,1.1248697402126273,-2.172827121274979,7.936730653306416,50.0
AAPL,2021,[BENCHMARK] Buy & Hold,38.550740331401954,38.550740331401954,0.0,1.4371412960767718,-18.59886844071223,25.060687314409787,53.6
AAPL,2021,Simple Moving Average,18.08221878301042,38.550740331401954,-20.468521548391536,1.0756239956620188,-10.693695917961628,16.904564469691266,54.54545454545454
AAPL,2021,Momentum Strategy,23.644557585930404,38.550740331401954,-14.90618274547155,1.6673494920681973,-7.204801386671746,13.369572947914465,55.33980582524271
AAPL,2021,Bollinger Bands,8.773683175488989,38.550740331401954,-29.777057155912964,0.635363877728092,-8.944374658897258,15.135957300095068,53.65853658536586
AAPL,2021,RSI Strategy,6.628803191711907,38.550740331401954,-31.921937139690048,0.4872176507459513,-14.095817632471471,15.841338901652227,52.17391304347826
AAPL,2021,MACD Strategy,29.92411227509555,38.550740331401954,-8.626628056306405,1.531694887154296,-9.391455668012444,18.329548466737535,56.451612903225815
AAPL,2021,Stochastic Oscillator,7.59187603368201,38.550740331401954,-30.958864297719945,0.9783774428314791,-5.295396439534964,7.8533765071656365,52.38095238095239
AAPL,2021,VWAP Strategy,-3.040805233806565,38.550740331401954,-41.59154556520852,-0.127129885638965,-12.636063732864114,15.310278490574467,50.0
AAPL,2021,Dollar-Cost Averaging (DCA),8.150742159715051,38.550740331401954,-30.399998171686903,0.9586065934120499,-5.405424645399253,8.625245294772823,50.0
AAPL,2022,[BENCHMARK] Buy & Hold,-28.19948539435654,-28.19948539435654,0.0,-0.7583573396050679,-29.453798468900118,35.67208249359757,46.98795180722892
AAPL,2022,Simple Moving Average,-21.610122416499056,-28.19948539435654,6.589362977857483,-1.3292655780390858,-24.660472461631926,17.32314739671656,39.743589743589745
AAPL,2022,Momentum Strategy,-0.11376805314688987,-28.19948539435654,28.08571734120965,0.11117452284004052,-21.73087003997504,23.313552810449735,52.10084033613446
AAPL,2022,Bollinger Bands,3.1027344376337362,-28.19948539435654,31.302219831990275,0.24870948182713212,-21.54496246641732,25.34354959463412,57.65765765765766
AAPL,2022,RSI Strategy,-25.217548042302752,-28.19948539435654,2.9819373520537873,-0.7785127750385614,-32.03114020449552,31.327759484569036,50.29940119760479
AAPL,2022,MACD Strategy,-3.359391592886418,-28.19948539435654,24.840093801470122,-0.0732187876972112,-17.175647830662612,19.97732156440146,48.07692307692308
AAPL,2022,Stochastic Oscillator,-17.582275618504863,-28.19948539435654,10.617209775851677,-0.6119816865336543,-20.049794321401468,26.23484707148377,49.572649572649574
AAPL,2022,VWAP Strategy,-12.057443532088508,-28.19948539435654,16.14204186226803,-0.31266543099106053,-22.513113990376866,28.484537027776476,50.0
AAPL,2022,Dollar-Cost Averaging (DCA),-12.392955126739002,-28.19948539435654,15.806530267617537,-1.5077378597831685,-15.015837805829452,8.59608979569379,30.0
AAPL,2023,[BENCHMARK] Buy & Hold,54.798251516653494,54.798251516653494,0.0,2.317301430346475,-14.932360408954654,19.95432203688067,56.451612903225815
AAPL,2023,Simple Moving Average,18.87114656540041,54.798251516653494,-35.927104951253085,1.4110167796345285,-9.998239799109106,12.997588024346578,51.470588235294116
AAPL,2023,Momentum Strategy,11.301872203884166,54.798251516653494,-43.49637931276933,1.051846137825689,-8.16551507703666,10.863127622469406,54.32098765432099
AAPL,2023,Bollinger Bands,17.409378779770556,54.798251516653494,-37.38887273688294,2.3519897974387436,-3.0424651519470736,7.0118350571087475,75.0
AAPL,2023,RSI Strategy,16.188315241618856,54.798251516653494,-38.60993627503464,1.4680836665675545,-7.647623574298576,10.737056466002624,62.5
AAPL,2023,MACD Strategy,27.52870486010106,54.798251516653494,-27.269546656552432,1.9011677272858958,-7.960575752857464,13.421683734737613,53.78787878787878
AAPL,2023,Stochastic Oscillator,33.9201692439278,54.798251516653494,-20.878082272725692,2.8635407428331523,-4.824932590852258,10.520330173632361,69.11764705882352
AAPL,2023,VWAP Strategy,14.452103880297473,54.798251516653494,-40.34614763635602,1.3823238392577668,-4.824932590852256,10.264285349045583,63.793103448275865
AAPL,2023,Dollar-Cost Averaging (DCA),0.674557118521868,54.798251516653494,-54.123694398131626,0.1921357105167461,-2.816611984368373,3.9422432682437845,47.368421052631575
AAPL,2024,[BENCHMARK] Buy & Hold,36.51988590045527,36.51988590045527,0.0,1.5098667422864869,-15.354783794087687,22.44881424297326,57.028112449799195
AAPL,2024,Simple Moving Average,29.438358885093898,36.51988590045527,-7.081527015361374,1.5616158580367094,-11.749424039823758,17.65341749253623,63.94557823129252
AAPL,2024,Momentum Strategy,29.370397735175114,36.51988590045527,-7.149488165280157,1.6810374078283632,-7.736943301678205,16.21736173712091,61.60714285714286
AAPL,2024,Bollinger Bands,25.561728837193233,36.51988590045527,-10.958157063262039,1.673316396495447,-7.6509756580763835,14.324408809761696,58.58585858585859
AAPL,2024,RSI Strategy,7.7164181926763,36.51988590045527,-28.80346770777897,0.5264530342974061,-11.844088935435735,16.945430483654235,52.41379310344828
AAPL,2024,MACD Strategy,10.779077772673817,36.51988590045527,-25.740808127781456,0.7051565331989371,-10.57710098730931,16.567083652108472,56.16438356164384
AAPL,2024,Stochastic Oscillator,15.964072845070154,36.51988590045527,-20.555813055385116,1.1828920351658403,-7.65097565807638,13.374567858580752,58.9041095890411
AAPL,2024,VWAP Strategy,16.054756470121312,36.51988590045527,-20.46512943033396,1.114619181746423,-8.9982031027849,14.389620648738594,54.65116279069767
AAPL,2024,Dollar-Cost Averaging (DCA),5.263163618827438,36.51988590045527,-31.256722281627834,1.147017348004449,-2.633000420268882,4.599937108896709,73.68421052631578
MSFT,2015,[BENCHMARK] Buy & Hold,23.701763776914085,23.701763776914085,0.0,0.898351701177209,-16.595564053862212,28.269107128398886,50.403225806451616
MSFT,2015,Simple Moving Average,-0.1997816140001829,23.701763776914085,-23.90154539091427,0.0819080924812355,-19.92892986472254,18.892214077829664,46.902654867256636
MSFT,2015,Momentum Strategy,28.873897874707733,23.701763776914085,5.1721340977936485,1.38976946751469,-10.699989735979182,19.759369975957817,50.79365079365079
MSFT,2015,Bollinger Bands,23.270892069144566,23.701763776914085,-0.4308717077695192,1.1200094298060224,-14.385435024698614,20.716444957145907,53.74149659863946
MSFT,2015,RSI Strategy,23.705837374004112,23.701763776914085,0.004073597090027192,1.0142221086905938,-14.370477295572046,23.928629413251297,52.38095238095239
MSFT,2015,MACD Strategy,20.188500623476834,23.701763776914085,-3.5132631534372507,0.9610049130680242,-14.695128569863646,21.696393337113626,54.23728813559322
MSFT,2015,Stochastic Oscillator,32.64015516041323,23.701763776914085,8.938391383499145,2.087786844289356,-6.083942696078502,14.103042026948815,57.6271186440678
MSFT,2015,VWAP Strategy,5.167185566277821,23.701763776914085,-18.534578210636262,0.4299817990209544,-7.91159472874469,14.102266723129791,46.913580246913575
MSFT,2015,Dollar-Cost Averaging (DCA),1.97391238487159,23.701763776914085,-21.727851392042496,0.3385596480722774,-3.5631712856240276,6.427113246241061,50.0
MSFT,2016,[BENCHMARK] Buy & Hold,16.505715750336215,16.505715750336215,0.0,0.7890865977705372,-13.622491851466883,22.70018826473247,52.41935483870967
MSFT,2016,Simple Moving Average,4.167517663342202,16.505715750336215,-12.338198086994012,0.35421488303266097,-12.740381943840262,14.58372810086239,53.23741007194245
MSFT,2016,Momentum Strategy,11.260130766189413,16.505715750336215,-5.245584984146802,0.9430290096707088,-6.664416449225086,12.1331469323078,54.621848739495796
MSFT,2016,Bollinger Bands,20.520228670778252,16.505715750336215,4.014512920442037,2.1020880443281684,-2.797774679311663,9.11239659571054,58.333333333333336
MSFT,2016,RSI Strategy,38.18846245386176,16.505715750336215,21.682746703525545,1.8235683649714554,-10.54635302941312,18.776142294340893,53.84615384615385
MSFT,2016,MACD Strategy,-9.234256701970011,16.505715750336215,-25.739972452306226,-0.45576564170135647,-18.38670898439642,17.846662871504883,48.9051094890511
MSFT,2016,Stochastic Oscillator,6.716783693228412,16.505715750336215,-9.788932057107804,1.157738647711194,-2.797774679311663,5.781023669220894,63.63636363636363
MSFT,2016,VWAP Strategy,20.64647286668846,16.505715750336215,4.140757116352244,1.6255401937594187,-6.703910984354023,12.039344072697764,53.84615384615385
MSFT,2016,Dollar-Cost Averaging (DCA),4.966241573286023,16.505715750336215,-11.539474177050192,1.108332138183556,-2.3263049332721937,4.48025265107016,47.368421052631575
MSFT,2017,[BENCHMARK] Buy & Hold,39.74111373038789,39.74111373038789,0.0,2.350622438653558,-5.9983745773918296,14.821401498978371,55.91836734693878
MSFT,2017,Simple Moving Average,34.244044600017155,39.74111373038789,-5.497069130370733,2.1985378749311417,-5.998374577391853,13.947453710286698,58.080808080808076
MSFT,2017,Momentum Strategy,8.335335216048056,39.74111373038789,-31.40577851433983,1.0577911452443844,-3.6575261982488096,7.917551006885562,50.72463768115942
MSFT,2017,Bollinger Bands,8.548901951542632,39.74111373038789,-31.192211778845255,1.593547324115346,-2.0366631515223625,5.276053483795205,62.5
MSFT,2017,RSI Strategy,6.463559098150684,39.74111373038789,-33.277554632237205,1.4418730454266546,-2.0366631515223443,4.447052983563812,70.0
MSFT,2017,MACD Strategy,14.189070027983908,39.74111373038789,-25.552043702403978,1.3200138123478906,-4.504071956393288,10.54761751278204,50.40650406504065
MSFT,2017,Stochastic Oscillator,0.0,39.74111373038789,-39.74111373038789,0.0,0.0,0.0,0.0
MSFT,2017,VWAP Strategy,14.77145861154443,39.74111373038789,-24.969655118843455,2.568641614913996,-2.0366631515223244,5.465608742636214,75.0
MSFT,2017,Dollar-Cost Averaging (DCA),1.5190848434806892,39.74111373038789,-38.2220288869072,0.29954671474064914,-3.774035169656345,5.597447838169549,47.368421052631575
MSFT,2018,[BENCHMARK] Buy & Hold,18.822409519738482,18.822409519738482,0.0,0.7567973132304003,-18.227953118090138,28.353829476896703,55.24193548387096
MSFT,2018,Simple Moving Average,2.4289523412427627,18.822409519738482,-16.39345717849572,0.222369697552617,-14.355310076968426,19.105272751509478,55.24475524475524
MSFT,2018,Momentum Strategy,13.300578345076808,18.822409519738482,-5.521831174661674,0.8515860067782288,-9.509625685924687,16.422907432010604,58.778625954198475
MSFT,2018,Bollinger Bands,7.547717697831846,18.822409519738482,-11.274691821906636,0.4357531685211066,-16.022842063162184,22.816161023921595,55.96330275229357
MSFT,2018,RSI Strategy,-2.939665905941602,18.822409519738482,-21.762075425680084,-0.03707138593005746,-16.022842063162184,21.193120188022572,52.42718446601942
MSFT,2018,MACD Strategy,4.918060566332372,18.822409519738482,-13.90434895340611,0.3691304478262477,-11.798255439101341,17.134171574201503,53.191489361702125
MSFT,2018,Stochastic Oscillator,-3.4433176025468804,18.822409519738482,-22.265727122285362,-0.3491748795904035,-9.464274608349225,9.014294966767668,28.57142857142857
MSFT,2018,VWAP Strategy,23.389271733317575,18.822409519738482,4.566862213579093,1.0530743520663697,-13.997255828607663,22.611124452119977,58.666666666666664
MSFT,2018,Dollar-Cost Averaging (DCA),-10.438053790688695,18.822409519738482,-29.260463310427177,-0.8982592737888345,-16.02284206316217,11.665374327215112,47.05882352941176
MSFT,2019,[BENCHMARK] Buy & Hold,58.14885591287069,58.14885591287069,0.0,2.4232972709740292,-7.899249764032019,19.89743295526297,59.2741935483871
MSFT,2019,Simple Moving Average,33.49689601797097,58.14885591287069,-24.65195989489972,1.8566628081728132,-8.177206310705529,16.41875849123755,60.32608695652174
MSFT,2019,Momentum Strategy,-0.2567339406106428,58.14885591287069,-58.40558985348133,0.011275588412552134,-9.546629172634834,8.403069335200612,57.14285714285714
MSFT,2019,Bollinger Bands,16.766054983700805,58.14885591287069,-41.38280092916988,1.550430107151055,-3.8907350074306257,10.428886768259096,54.54545454545454
MSFT,2019,RSI Strategy,1.4099145474302244,58.14885591287069,-56.73894136544046,0.9978917169935679,-0.4779390469920177,1.4243621148717975,66.66666666666666
MSFT,2019,MACD Strategy,7.042329667434188,58.14885591287069,-51.1065262454365,0.5843622567906243,-13.939665461981084,13.23498935177962,56.060606060606055
MSFT,2019,Stochastic Oscillator,0.0,58.14885591287069,-58.14885591287069,0.0,0.0,0.0,0.0
MSFT,2019,VWAP Strategy,25.03859367749619,58.14885591287069,-33.11026223537449,2.402403890082197,-3.8907350074306097,9.568947433139186,64.86486486486487
MSFT,2019,Dollar-Cost Averaging (DCA),5.376119922001177,58.14885591287069,-52.772735990869506,1.912337254504942,-0.8618565710282768,2.7805554607107066,61.111111111111114
MSFT,2020,[BENCHMARK] Buy & Hold,39.4772524481686,39.4772524481686,0.0,0.9791609814129907,-28.039302337603534,44.02679770106,56.39999999999999
MSFT,2020,Simple Moving Average,22.516796575222475,39.4772524481686,-16.960455872946124,0.9764787579568576,-14.836525453043652,23.78277425290263,57.05128205128205
MSFT,2020,Momentum Strategy,0.0629832148828724,39.4772524481686,-39.41426923328573,0.10247087095164742,-17.213918196430498,20.02319010342288,56.41025641025641
MSFT,2020,Bollinger Bands,23.42826205635955,39.4772524481686,-16.04899039180905,0.7558964816050895,-21.62742573688049,36.97197774997066,54.20560747663551
MSFT,2020,RSI Strategy,21.252365679109797,39.4772524481686,-18.224886769058802,0.7238348445637343,-22.784104628259946,35.33360411503384,54.83870967741935
MSFT,2020,MACD Strategy,24.06952168007701,39.4772524481686,-15.40773076809159,1.00813986671058,-10.762231888549529,24.421913443893494,57.74647887323944
MSFT,2020,Stochastic Oscillator,16.670573467885962,39.4772524481686,-22.806678980282637,1.297452021313608,-5.837620808963321,12.534865706846364,57.407407407407405
MSFT,2020,VWAP Strategy,20.03440640737264,39.4772524481686,-19.44284604079596,0.7079190180949708,-21.627425736880458,34.133925403556056,55.932203389830505
MSFT,2020,Dollar-Cost Averaging (DCA),2.529927763841777,39.4772524481686,-36.94732468432682,0.5632755553314932,-2.6317206274264935,4.643376202649476,50.0
MSFT,2021,[BENCHMARK] Buy & Hold,57.179567758949815,57.179567758949815,0.0,2.2792631600167375,-8.768188845676587,20.977518845602113,53.41365461847389
MSFT,2021,Simple Moving Average,18.300078783769578,57.179567758949815,-38.87948897518024,1.1414489746265049,-8.768188845676608,15.957779943935096,51.85185185185185
MSFT,2021,Momentum Strategy,33.514314989042205,57.179567758949815,-23.66525276990761,2.331658202676955,-8.146436093770534,12.85387585844636,56.75675675675676
MSFT,2021,Bollinger Bands,32.47965327497091,57.179567758949815,-24.699914483978908,1.8908116947544173,-6.606552134705527,15.64528669268821,54.0
MSFT,2021,RSI Strategy,38.53601419758241,57.179567758949815,-18.643553561367405,2.2151973647249585,-7.633835533519595,15.372066990361194,58.119658119658126
MSFT,2021,MACD Strategy,35.22937767121539,57.179567758949815,-21.950190087734427,2.342824579265682,-5.148601659365562,13.370912094741453,54.54545454545454
MSFT,2021,Stochastic Oscillator,10.273244187278374,57.179567758949815,-46.90632357167144,1.1550521828864884,-6.6065521347055105,8.87412567461632,52.94117647058824
MSFT,2021,VWAP Strategy,20.230422215578958,57.179567758949815,-36.94914554337086,1.4772787044286588,-5.888623441566434,13.158858870101428,53.52112676056338
MSFT,2021,Dollar-Cost Averaging (DCA),2.799319856269711,57.179567758949815,-54.380247902680104,0.3947392594921454,-6.60655213470551,7.821754866936284,50.0
MSFT,2022,[BENCHMARK] Buy & Hold,-27.687162575964496,-27.687162575964496,0.0,-0.7467655553609965,-34.45492550934613,35.382284784099426,46.400000000000006
MSFT,2022,Simple Moving Average,-29.86311773015583,-27.687162575964496,-2.1759551541913353,-2.2328441198236004,-31.410215799063423,15.463011973590957,38.88888888888889
MSFT,2022,Momentum Strategy,-21.371910252850345,-27.687162575964496,6.3152523231141515,-0.8679545454846552,-26.939490013236796,24.449468141387573,46.72131147540984
MSFT,2022,Bollinger Bands,-12.99611643894446,-27.687162575964496,14.691046137020036,-0.2751104084785895,-27.607365472597984,32.21649027366561,47.91666666666667
MSFT,2022,RSI Strategy,-6.746766521163538,-27.687162575964496,20.940396054800956,-0.11470613447058493,-23.33865869319627,27.793601058469182,46.89655172413793
MSFT,2022,MACD Strategy,-32.31892106409357,-27.687162575964496,-4.631758488129076,-1.5808100520611323,-33.441671966193255,23.165530828342764,44.26229508196721
MSFT,2022,Stochastic Oscillator,1.3311879237680735,-27.687162575964496,29.01835049973257,0.18640500432369353,-19.651223556705578,27.793434170291036,49.193548387096776
MSFT,2022,VWAP Strategy,-0.32823008112402574,-27.687162575964496,27.35893249484047,0.1267952084894964,-19.579344386163903,27.986499024820755,45.6
MSFT,2022,Dollar-Cost Averaging (DCA),-5.838466261921371,-27.687162575964496,21.848696314043124,-0.775371484238626,-8.821252724048636,7.461216977683684,45.0
MSFT,2023,[BENCHMARK] Buy & Hold,58.349729928962766,58.349729928962766,0.0,1.977910776804813,-12.987593534272962,25.120367008523193,55.42168674698795
MSFT,2023,Simple Moving Average,35.31977164341234,58.349729928962766,-23.02995828555043,1.7057080691121018,-13.242688788493698,19.003056754192187,57.04697986577181
MSFT,2023,Momentum Strategy,34.40762672983748,58.349729928962766,-23.942103199125285,2.148453314010716,-3.751429605817798,14.41819192603937,58.490566037735846
MSFT,2023,Bollinger Bands,17.50755089922158,58.349729928962766,-40.84217902974119,1.8296223796117628,-3.751429605817801,9.154393911842973,69.44444444444444
MSFT,2023,RSI Strategy,18.811399547315478,58.349729928962766,-39.538330381647285,1.6958411108922176,-4.1125411674762455,10.61922104893439,57.407407407407405
MSFT,2023,MACD Strategy,27.77212312259063,58.349729928962766,-30.577606806372135,1.4035256313459867,-13.2954285163742,18.948793142678348,52.55474452554745
MSFT,2023,Stochastic Oscillator,10.11607246723174,58.349729928962766,-48.23365746173103,0.9467961461230301,-7.841735478576474,10.928550267689864,54.83870967741935
MSFT,2023,VWAP Strategy,20.870462519587218,58.349729928962766,-37.47926740937555,1.6281794455941025,-6.271235731858519,12.23672415194489,62.121212121212125
MSFT,2023,Dollar-Cost Averaging (DCA),0.408529549171055,58.349729928962766,-57.94120037979171,0.1258653771089105,-2.290992493255071,3.8755145074088464,63.1578947368421
MSFT,2024,[BENCHMARK] Buy & Hold,15.406155400272702,15.406155400272702,0.0,0.823592672604842,-15.486779428825157,19.971366880108107,54.0
MSFT,2024,Simple Moving Average,-12.435252144402787,15.406155400272702,-27.84140754467549,-0.9240654625457393,-19.352379377851207,13.493470663996609,49.137931034482754
MSFT,2024,Momentum Strategy,4.456362103133515,15.406155400272702,-10.949793297139188,0.41349393792097056,-8.10369008304562,12.550764666466534,56.666666666666664
MSFT,2024,Bollinger Bands,3.652469035243855,15.406155400272702,-11.753686365028848,0.3797470130770624,-7.541567167909653,11.162062740537504,55.0561797752809
MSFT,2024,RSI Strategy,6.919477522957895,15.406155400272702,-8.486677877314808,0.791642511174121,-5.777601623299181,9.036955770836459,61.40350877192983
MSFT,2024,MACD Strategy,6.421755752896519,15.406155400272702,-8.984399647376183,0.49292726727078745,-11.862903036777778,15.03860450008122,58.3941605839416
MSFT,2024,Stochastic Oscillator,5.180670695984357,15.406155400272702,-10.225484704288345,0.4299848467124485,-11.172301096071202,14.20552290419654,61.53846153846154
MSFT,2024,VWAP Strategy,9.31276595067667,15.406155400272702,-6.093389449596032,0.8093389305840363,-11.172301096071191,11.97913449790067,61.44578313253012
MSFT,2024,Dollar-Cost Averaging (DCA),-1.426983984093455,15.406155400272702,-16.833139384366156,-0.2487130181379847,-6.519831935945085,5.263017027652204,52.63157894736842
GOOGL,2015,[BENCHMARK] Buy & Hold,49.23991497876863,49.23991497876863,0.0,1.535841314363322,-12.456763011585325,28.917456818661552,53.2
GOOGL,2015,Simple Moving Average,28.253181445967,49.23991497876863,-20.98673353280163,1.1183009369172705,-12.456763011585329,25.124870624160895,52.51798561151079
GOOGL,2015,Momentum Strategy,23.79581381755196,49.23991497876863,-25.444101161216672,1.0998299144856027,-10.459905914289418,21.55766296532131,55.00000000000001
GOOGL,2015,Bollinger Bands,16.25111910262087,49.23991497876863,-32.98879587614776,1.2957032440560177,-7.3041868941621875,12.29460549946133,61.016949152542374
GOOGL,2015,RSI Strategy,13.08948945996191,49.23991497876863,-36.15042551880672,0.9919602437494845,-7.304186894162188,13.400966683300064,55.26315789473685
GOOGL,2015,MACD Strategy,19.879271616409746,49.23991497876863,-29.360643362358886,0.922334081542898,-10.355102602314902,22.382065304757287,54.385964912280706
GOOGL,2015,Stochastic Oscillator,27.173332076944057,49.23991497876863,-22.066582901824574,2.0499330260880684,-5.83867344133351,12.178014420482382,64.0
GOOGL,2015,VWAP Strategy,28.09051584947284,49.23991497876863,-21.14939912929579,1.8319632662574823,-5.838673441333509,14.1659054886351,59.49367088607595
GOOGL,2015,Dollar-Cost Averaging (DCA),0.8305797071316512,49.23991497876863,-48.40933527163698,0.18209405861531486,-4.257515408603085,5.362339251927413,45.0
GOOGL,2016,[BENCHMARK] Buy & Hold,4.346633013093992,4.346633013093992,0.0,0.3135976315589225,-13.525787812378773,20.015372125536224,51.39442231075697
GOOGL,2016,Simple Moving Average,-5.673696822577023,4.346633013093992,-10.020329835671015,-0.4176592577800221,-10.48902219373435,12.240879390986402,43.96551724137931
GOOGL,2016,Momentum Strategy,14.601789987435932,4.346633013093992,10.25515697434194,1.2997233005468616,-7.675296415833712,10.991163119513274,47.69230769230769
GOOGL,2016,Bollinger Bands,8.017390801470437,4.346633013093992,3.670757788376445,0.7755626505774041,-7.2366456643744455,10.72721322754482,60.29411764705882
GOOGL,2016,RSI Strategy,27.927347540110524,4.346633013093992,23.580714527016532,1.6204651657295464,-10.230374945355168,16.060678624495015,55.85106382978723
GOOGL,2016,MACD Strategy,-0.6453549428849459,4.346633013093992,-4.991987955978939,0.02853305199155502,-15.195371284366107,14.607534873986653,46.616541353383454
GOOGL,2016,Stochastic Oscillator,16.27962489664141,4.346633013093992,11.932991883547416,1.1629230957005485,-9.873900691920053,13.847360350060484,57.03703703703704
GOOGL,2016,VWAP Strategy,9.477599405571713,4.346633013093992,5.1309663924777205,0.8242478749513572,-7.23664566437446,11.886715656710527,60.0
GOOGL,2016,Dollar-Cost Averaging (DCA),3.679064613463545,4.346633013093992,-0.6675683996304471,0.9556137136028549,-3.1104365406414574,3.873774577472762,50.0
GOOGL,2017,[BENCHMARK] Buy & Hold,30.36966115321864,30.36966115321864,0.0,1.8349539433768474,-8.445869092848543,15.203123239929326,56.22489959839358
GOOGL,2017,Simple Moving Average,11.187441071685678,30.36966115321864,-19.18222008153296,0.9402350833420683,-8.445869092848564,12.151953016231786,52.23880597014925
GOOGL,2017,Momentum Strategy,10.132840032870938,30.36966115321864,-20.236821120347702,1.1065366081550023,-6.05042738318431,9.171558711143867,54.0
GOOGL,2017,Bollinger Bands,8.143593078816757,30.36966115321864,-22.226068074401883,1.190557077442509,-7.757110749020442,6.824736641157643,57.692307692307686
GOOGL,2017,RSI Strategy,5.27963287387252,30.36966115321864,-25.09002827934612,0.8891315367217699,-3.456675720072619,6.0366388864784595,52.27272727272727
GOOGL,2017,MACD Strategy,6.659785288146836,30.36966115321864,-23.709875865071805,0.677232986268871,-7.203491006887564,10.391897756754894,56.390977443609025
GOOGL,2017,Stochastic Oscillator,4.470134421326355,30.36966115321864,-25.899526731892287,1.0190271092492351,-2.634842408329998,4.421607748480881,59.375
GOOGL,2017,VWAP Strategy,22.859940905287,30.36966115321864,-7.509720247931639,2.5290485874523743,-4.323583105677453,8.345654032696363,60.824742268041234
GOOGL,2017,Dollar-Cost Averaging (DCA),2.763710830457078,30.36966115321864,-27.60595032276156,0.856333377937507,-2.9204861065604493,3.271231890661639,47.368421052631575
GOOGL,2018,[BENCHMARK] Buy & Hold,-2.4720278375401694,-2.4720278375401694,0.0,0.05168281248284361,-23.40178794977179,28.250684569543715,50.602409638554214
GOOGL,2018,Simple Moving Average,5.072531212210674,-2.4720278375401694,7.544559049750843,0.4862705419582831,-8.860366945957422,11.697202083658842,44.44444444444444
GOOGL,2018,Momentum Strategy,0.4360847927901146,-2.4720278375401694,2.908112630330284,0.12095317808086388,-13.933512761038655,19.699255671401737,49.6124031007752
GOOGL,2018,Bollinger Bands,-2.120461000262819,-2.4720278375401694,0.3515668372773506,0.01325348965728787,-18.725076825668033,22.20808517295484,53.84615384615385
GOOGL,2018,RSI Strategy,-12.436437479179185,-2.4720278375401694,-9.964409641639016,-0.4407655687338335,-23.108829715893584,23.964270950904222,51.40845070422535
GOOGL,2018,MACD Strategy,-2.9137589557523436,-2.4720278375401694,-0.44173111821217415,-0.06492877095256067,-15.92174091684294,18.80316180907952,49.26470588235294
GOOGL,2018,Stochastic Oscillator,-5.7120382007552095,-2.4720278375401694,-3.24001036321504,-0.30802006769046747,-15.196498781175938,15.446467506163634,49.18032786885246
GOOGL,2018,VWAP Strategy,9.640553434660015,-2.4720278375401694,12.112581272200185,0.5230238547435709,-14.850129152491162,22.753037582803437,53.17460317460318
GOOGL,2018,Dollar-Cost Averaging (DCA),-6.241722399241024,-2.4720278375401694,-3.769694561700854,-0.5849826667318064,-11.796372088629177,10.256933710937012,41.17647058823529
GOOGL,2019,[BENCHMARK] Buy & Hold,27.02524941990807,27.02524941990807,0.0,1.1325373651878492,-19.862667539469747,23.780670646409654,53.2
GOOGL,2019,Simple Moving Average,14.451094424041045,27.02524941990807,-12.574154995867026,0.8073511510405585,-13.218637770067957,19.089067064209893,50.943396226415096
GOOGL,2019,Momentum Strategy,1.63565022796337,27.02524941990807,-25.3895991919447,0.20339015438190172,-12.305611013578254,11.093749462476387,54.761904761904766
GOOGL,2019,Bollinger Bands,24.221182207111603,27.02524941990807,-2.8040672127964683,1.8457764280668543,-4.331025292906272,12.239139210801385,61.81818181818181
GOOGL,2019,RSI Strategy,0.691107664949353,27.02524941990807,-26.33414175495872,0.11842854903900954,-12.305611013578254,11.201362811420916,56.14035087719298
GOOGL,2019,MACD Strategy,6.705610097497217,27.02524941990807,-20.319639322410854,0.46538985373144265,-8.721080733874382,17.203841713010164,50.71428571428571
GOOGL,2019,Stochastic Oscillator,-4.362653905055048,27.02524941990807,-31.38790332496312,-0.42087715186044283,-12.305611013578261,9.580792332843089,50.0
GOOGL,2019,VWAP Strategy,3.6614138752768977,27.02524941990807,-23.363835544631172,0.3428448727934501,-13.36324604202009,13.076813017560912,55.072463768115945
GOOGL,2019,Dollar-Cost Averaging (DCA),3.9453410583454973,27.02524941990807,-23.079908361562573,1.2307226098353823,-1.6704913709728597,3.2109572914547884,52.63157894736842
GOOGL,2020,[BENCHMARK] Buy & Hold,26.855786964518114,26.855786964518114,0.0,0.812703667110293,-30.87083088713385,38.551492817536655,56.97211155378486
GOOGL,2020,Simple Moving Average,19.169483348178986,26.855786964518114,-7.686303616339128,0.9744221196684263,-17.934200096054976,20.157793660796212,55.172413793103445
GOOGL,2020,Momentum Strategy,7.140537843325778,26.855786964518114,-19.715249121192336,0.44404750203049304,-13.482957325590716,20.136582012936554,55.38461538461539
GOOGL,2020,Bollinger Bands,-3.574692173223959,26.855786964518114,-30.430479137742072,0.009889037815229311,-24.18894307188394,27.958704959938164,51.28205128205128
GOOGL,2020,RSI Strategy,-8.665412869586486,26.855786964518114,-35.5211998341046,-0.1853497560177907,-26.674345000094497,27.937516568872812,49.09090909090909
GOOGL,2020,MACD Strategy,40.70321125247452,26.855786964518114,13.847424287956404,1.5013675380630334,-13.019591541984832,24.88640967505583,60.150375939849624
GOOGL,2020,Stochastic Oscillator,-4.2840993866637085,26.855786964518114,-31.139886351181822,-0.0059567383314829145,-24.18894307188394,28.97980891371366,50.76923076923077
GOOGL,2020,VWAP Strategy,0.6118357252404616,26.855786964518114,-26.243951239277653,0.1695059503830828,-25.758173916188298,29.613773034735797,54.54545454545454
GOOGL,2020,Dollar-Cost Averaging (DCA),-3.292381971079028,26.855786964518114,-30.14816893559714,-0.7420663877356715,-5.739815893826263,4.3994077843745565,40.0
GOOGL,2021,[BENCHMARK] Buy & Hold,69.39684172855789,69.39684172855789,0.0,2.3066452641289574,-8.045518012320686,24.32802001443894,57.599999999999994
GOOGL,2021,Simple Moving Average,31.819480073936113,69.39684172855789,-37.577361654621775,1.7166509377563668,-8.045518012320706,17.074715154003133,56.49717514124294
GOOGL,2021,Momentum Strategy,19.548053325055314,69.39684172855789,-49.848788403502574,1.4432433679475372,-6.1046020819071245,13.059327382466929,55.10204081632652
GOOGL,2021,Bollinger Bands,31.999799578466835,69.39684172855789,-37.39704215009105,1.8481207364180652,-6.015885523391708,15.822951903673227,58.03571428571429
GOOGL,2021,RSI Strategy,-3.88997787989831,69.39684172855789,-73.2868196084562,-0.8186827631449681,-4.665228706704667,4.743617881786666,66.66666666666666
GOOGL,2021,MACD Strategy,10.458006686200939,69.39684172855789,-58.93883504235695,0.6844633508796112,-10.480070579012398,16.643120680960486,50.3875968992248
GOOGL,2021,Stochastic Oscillator,5.99540372268117,69.39684172855789,-63.40143800587672,1.366484242820371,-1.155568093470142,4.36407365612047,70.0
GOOGL,2021,VWAP Strategy,16.569856938706206,69.39684172855789,-52.82698478985168,1.1954792204743845,-6.015885523391685,13.716211731706213,60.29411764705882
GOOGL,2021,Dollar-Cost Averaging (DCA),3.650424741877911,69.39684172855789,-65.74641698667998,0.6686769055555832,-4.440007710565767,5.640817097169634,50.0
GOOGL,2022,[BENCHMARK] Buy & Hold,-39.14815174153487,-39.14815174153487,0.0,-1.0988075678258138,-43.628379219937955,38.72721754489148,44.97991967871486
GOOGL,2022,Simple Moving Average,-21.774677623906435,-39.14815174153487,17.373474117628433,-1.4309270118282496,-24.406448831651144,16.35059618544311,40.32258064516129
GOOGL,2022,Momentum Strategy,-25.3109976978661,-39.14815174153487,13.837154043668768,-1.0000262956819004,-28.630809878586888,26.005110611370018,44.537815126050425
GOOGL,2022,Bollinger Bands,-27.14928152593683,-39.14815174153487,11.99887021559804,-0.7470136164504095,-37.39883552628913,34.684040422392805,44.680851063829785
GOOGL,2022,RSI Strategy,-5.788808718645466,-39.14815174153487,33.359343022889405,-0.03334986284352151,-28.365758489658322,31.52991291439749,50.0
GOOGL,2022,MACD Strategy,-32.0870267943155,-39.14815174153487,7.061124947219369,-1.4262780667845036,-35.433009114181964,25.111902689934908,43.859649122807014
GOOGL,2022,Stochastic Oscillator,-20.543196415161226,-39.14815174153487,18.60495532637364,-0.5051143411920591,-35.01469989168581,34.2632818998813,47.928994082840234
GOOGL,2022,VWAP Strategy,-7.1988342270100425,-39.14815174153487,31.949317514524825,-0.0826708159575233,-23.807176144609848,31.484761593373378,48.322147651006716
GOOGL,2022,Dollar-Cost Averaging (DCA),-12.6349095001133,-39.14815174153487,26.513242241421565,-1.6086605102878815,-14.823246024264863,8.248819241972672,30.0
GOOGL,2023,[BENCHMARK] Buy & Hold,56.74372107225236,56.74372107225236,0.0,1.6494655896729928,-17.27307285678634,30.39818249117831,54.21686746987952
GOOGL,2023,Simple Moving Average,17.424450104166024,56.74372107225236,-39.31927096808634,0.8415600834618248,-13.844253014459754,22.282438400151864,50.90909090909091
GOOGL,2023,Momentum Strategy,42.126460828449886,56.74372107225236,-14.617260243802477,2.0017502849073545,-6.657522962870878,18.640107360091328,53.63636363636364
GOOGL,2023,Bollinger Bands,18.667786387459586,56.74372107225236,-38.07593468479278,1.0793667726478262,-13.077195277624915,17.478999624264393,57.647058823529406
GOOGL,2023,RSI Strategy,24.419708884183255,56.74372107225236,-32.324012188069105,1.6040341108710001,-6.000550142155044,14.430048042273876,59.67741935483871
GOOGL,2023,MACD Strategy,23.961500731676377,56.74372107225236,-32.78222034057599,1.085142446148325,-15.986928396642059,22.320594619323064,51.8796992481203
GOOGL,2023,Stochastic Oscillator,18.87382334979084,56.74372107225236,-37.86989772246152,1.8066021848629041,-8.056539629886553,9.95989737078847,64.86486486486487
GOOGL,2023,VWAP Strategy,24.20336842863704,56.74372107225236,-32.54035264361532,1.6492970131253808,-8.05653962988655,13.883186281703477,57.57575757575758
GOOGL,2023,Dollar-Cost Averaging (DCA),5.938130809804609,56.74372107225236,-50.80559026244775,0.8532467402613725,-3.6441840317932064,7.133971246676123,52.63157894736842
GOOGL,2024,[BENCHMARK] Buy & Hold,38.91095173638539,38.91095173638539,0.0,1.318918360365068,-22.137649355539775,28.10986741884834,59.83935742971887
GOOGL,2024,Simple Moving Average,20.145593683474104,38.91095173638539,-18.76535805291129,0.9318640531110518,-17.97852261802262,22.542777427956608,58.74125874125874
GOOGL,2024,Momentum Strategy,22.221103158430864,38.91095173638539,-16.68984857795453,1.254040544998788,-13.586854646566751,17.31684938564896,55.91397849462365
GOOGL,2024,Bollinger Bands,7.321410515880067,38.91095173638539,-31.589541220505325,0.5865981167909039,-13.2229985197679,13.75525817809745,59.49367088607595
GOOGL,2024,RSI Strategy,3.1013160056501565,38.91095173638539,-35.80963573073524,0.2745832027966413,-15.02165538934668,15.811160506594835,60.256410256410255
GOOGL,2024,MACD Strategy,25.877370847527036,38.91095173638539,-13.033580888858356,1.2527310366912905,-8.73559562326877,20.140433489009844,58.2089552238806
GOOGL,2024,Stochastic Oscillator,10.401488980380979,38.91095173638539,-28.509462756004414,0.8723312537008904,-13.222998519767884,12.303264371003975,61.40350877192983
GOOGL,2024,VWAP Strategy,9.438236005637691,38.91095173638539,-29.4727157307477,0.6524708803705904,-18.115819725903478,15.871327272951927,61.72839506172839
GOOGL,2024,Dollar-Cost Averaging (DCA),11.644520725025998,38.91095173638539,-27.266431011359394,1.1216905305815752,-4.200145972551861,10.36826782551711,52.63157894736842
